/*
SQLyog Ultimate v11.11 (64 bit)
MySQL - 5.7.9-log : Database - datoseppinvpro
*********************************************************************
*/

/*!40101 SET NAMES utf8 */;

/*!40101 SET SQL_MODE=''*/;

/*!40014 SET @OLD_UNIQUE_CHECKS=@@UNIQUE_CHECKS, UNIQUE_CHECKS=0 */;
/*!40014 SET @OLD_FOREIGN_KEY_CHECKS=@@FOREIGN_KEY_CHECKS, FOREIGN_KEY_CHECKS=0 */;
/*!40101 SET @OLD_SQL_MODE=@@SQL_MODE, SQL_MODE='NO_AUTO_VALUE_ON_ZERO' */;
/*!40111 SET @OLD_SQL_NOTES=@@SQL_NOTES, SQL_NOTES=0 */;
CREATE DATABASE /*!32312 IF NOT EXISTS*/`datoseppinvpro` /*!40100 DEFAULT CHARACTER SET utf8 */;

USE `datoseppinvpro`;

/*Table structure for table `area` */

DROP TABLE IF EXISTS `area`;

CREATE TABLE `area` (
  `idarea` int(11) NOT NULL AUTO_INCREMENT,
  `nombrearea` varchar(50) CHARACTER SET utf8 DEFAULT NULL,
  PRIMARY KEY (`idarea`)
) ENGINE=InnoDB AUTO_INCREMENT=16 DEFAULT CHARSET=latin1;

/*Data for the table `area` */

insert  into `area`(`idarea`,`nombrearea`) values (1,'FALTA'),(2,'TRUCK SHOP'),(3,'PLAN ROTACIONAL'),(4,'TSF'),(5,'OFICINA'),(6,'TALLER COTUI'),(7,'TALLER MAIMON'),(9,'CONDUCTORES'),(10,'SOCOCO'),(11,'MEJITA SOLDADURA'),(12,'EGE HAINA EXTERNO'),(13,'PROYECTOS ING. BARRICK'),(14,'OFICINA Y OPERATIVOS'),(15,'OPERACION MINA');

/*Table structure for table `autorizacionepp` */

DROP TABLE IF EXISTS `autorizacionepp`;

CREATE TABLE `autorizacionepp` (
  `idautorizacion` int(11) NOT NULL AUTO_INCREMENT,
  `fechaautorizacion` date DEFAULT NULL,
  `idusuario` int(11) DEFAULT NULL,
  `idfactura` int(11) DEFAULT NULL,
  `idempleado` int(11) DEFAULT NULL,
  `idproducto` int(11) DEFAULT NULL,
  `fechavence` varchar(20) DEFAULT NULL,
  `codigoautorizacion` int(20) DEFAULT NULL,
  `observacion` varchar(255) DEFAULT NULL,
  PRIMARY KEY (`idautorizacion`),
  KEY `idempleado` (`idempleado`),
  KEY `idproducto` (`idproducto`),
  KEY `idfactura` (`idfactura`),
  CONSTRAINT `autorizacionepp_ibfk_1` FOREIGN KEY (`idempleado`) REFERENCES `empleados` (`idempleado`)
) ENGINE=InnoDB AUTO_INCREMENT=2 DEFAULT CHARSET=utf8;

/*Data for the table `autorizacionepp` */

insert  into `autorizacionepp`(`idautorizacion`,`fechaautorizacion`,`idusuario`,`idfactura`,`idempleado`,`idproducto`,`fechavence`,`codigoautorizacion`,`observacion`) values (1,'2020-07-22',3,2,723,208,'20/10/2020',88756571,'DESPACHANDO EN MODO PRUEBA');

/*Table structure for table `detallesfacturas` */

DROP TABLE IF EXISTS `detallesfacturas`;

CREATE TABLE `detallesfacturas` (
  `iddetallesfactura` int(11) NOT NULL AUTO_INCREMENT,
  `idfactura` int(11) NOT NULL,
  `idempleado` int(11) DEFAULT NULL,
  `idproducto` int(11) NOT NULL,
  `nombreepp` varchar(250) NOT NULL,
  `cantidad` int(11) NOT NULL,
  `precio` decimal(10,2) NOT NULL DEFAULT '0.00',
  `subtotal` decimal(10,2) NOT NULL DEFAULT '0.00',
  `tiempovida` int(11) NOT NULL,
  `fechavence` varchar(15) DEFAULT NULL,
  `codigoaprovacion` int(11) DEFAULT '0',
  PRIMARY KEY (`iddetallesfactura`),
  KEY `idfatura` (`idfactura`),
  KEY `idproducto` (`nombreepp`),
  CONSTRAINT `detallesfacturas_ibfk_1` FOREIGN KEY (`idfactura`) REFERENCES `facturas` (`idfactura`)
) ENGINE=InnoDB AUTO_INCREMENT=9 DEFAULT CHARSET=utf8;

/*Data for the table `detallesfacturas` */

insert  into `detallesfacturas`(`iddetallesfactura`,`idfactura`,`idempleado`,`idproducto`,`nombreepp`,`cantidad`,`precio`,`subtotal`,`tiempovida`,`fechavence`,`codigoaprovacion`) values (8,7,450,1,'CAMISA XL',1,10.50,10.50,190,'2020-12-31',0);

/*Table structure for table `empleados` */

DROP TABLE IF EXISTS `empleados`;

CREATE TABLE `empleados` (
  `idempleado` int(11) NOT NULL AUTO_INCREMENT,
  `nombre` varchar(100) CHARACTER SET utf8 DEFAULT NULL,
  `apellido` varchar(100) CHARACTER SET utf8 DEFAULT NULL,
  `telefono` varchar(15) CHARACTER SET utf8 DEFAULT NULL,
  `cedula` varchar(20) CHARACTER SET utf8 DEFAULT NULL,
  `oracleid` varchar(10) CHARACTER SET utf8 DEFAULT NULL,
  `idarea` int(11) DEFAULT NULL,
  `idPO` int(11) DEFAULT NULL,
  PRIMARY KEY (`idempleado`),
  KEY `idarea` (`idarea`),
  KEY `idPO` (`idPO`),
  CONSTRAINT `empleados_ibfk_1` FOREIGN KEY (`idarea`) REFERENCES `area` (`idarea`)
) ENGINE=InnoDB AUTO_INCREMENT=1092 DEFAULT CHARSET=latin1;

/*Data for the table `empleados` */

insert  into `empleados`(`idempleado`,`nombre`,`apellido`,`telefono`,`cedula`,`oracleid`,`idarea`,`idPO`) values (446,'RAMON','CAPELLAN VASQUEZ','(829)747-2340','118-0096676-','00000',9,3),(447,'YOELI','ACOSTA SANTOS','(829)726-2842','155-0025067-','105792',9,3),(448,'RAMON','SANCHEZ TORRES','849-886-6855','225-056540-7','00000',9,3),(449,'BASILIO','VENTURA PORTOLATIN','(829)362-0067','049-0626997-','00000',9,3),(450,'TOMAS','ABREU CARELA','(829)498-9221','031-2038415-','1006967',9,3),(451,'ISIDRO','NUNEZ FERREIRA','(849)815-2375','118-0116300-','93138',9,3),(452,'FERNANDO','REGALADO','(000)000-0000','049-0507254-','101008',9,3),(453,'EDWIN EUSEBIO','MONEGRO PLASENCIA','809-989-7287','049-056822-3','00000',9,3),(454,'MARCOS MODESTO','PEÐA','829-333-1030','001-764234-0','00000',9,3),(455,'LUIS ALBERTO','MARRERO','(000)000-0000','059-0014138-2','100993',9,3),(456,'MATEO','GIL VASQUEZ','(829)855-9432','049-0468945-','100988',9,3),(457,'YAURIS ELIEZER','BOITEL ACOSTA','000-000-0000','049-035840-1','00000',9,3),(458,'HERIBERTO','LOPEZ GARCIA','(000)000-0000','118-0147859-','100991',9,3),(459,'WAGNER GUSTAVO','MOYA CRUZ','(829)902-5420','049-0390917-','100996',9,3),(460,'LIDIO ALBERTO','BONILLA','(829)786-6286','049-0313232-','100974',9,3),(461,'JOSE ALBERTO','SANCHEZ','(809)360-7910','049-0443286-','102080',9,3),(462,'MARTIN','GOMEZ VASQUEZ','829-258-7103','118-011837-1','00000',9,3),(463,'RODOLFO','GARC═A','829-502-0407','049-075501-0','00000',9,3),(464,'JHOVANNY','SANTOS MENDOZA','809-486-9699','118-012681-2','00000',9,3),(465,'ELADIO MANUEL','PEREZ','829-496-6861','049-000790-9','00000',9,3),(466,'JUAN ANTONIO','PARRAS ROMERO','(829)933-1169','118-0122696-','101001',9,3),(467,'JOSE IGNACIO','NAVARRO FAJARDO','829-775-6837','047-134123-4','00000',9,3),(468,'JOSE YSIDRO','TORRES HERNANDEZ','829-626-7962','049-049202-8','00000',9,3),(469,'MIGUEL','ABREU DE LA CRUZ','(809)425-8819','123-0113391-','102140',9,3),(470,'BARTOLOME','FABIAN JEREZ','(809)867-3272','078-0093671-','100983',9,3),(471,'LEONARDO ANTONIO','ALVAREZ NUÐEZ','000-000-0000','052-010391-8','00000',9,3),(472,'JUAN CARLOS','PACHECO CASTRO','(809)962-8141','057-0162232-','107546',9,3),(473,'GILBERTO','RONDON JOSE','809-935-6462','118-013126-7','00000',9,3),(474,'EVARISTO ANTONIO','ABREU CARABALLO','829-382-7106','049-031530-2','00000',9,3),(475,'LUIS ARISTIDES','VICENTE ALMANZAR','(829)851-6822','001-5435283-','97478',9,3),(476,'SILVESTRE','PORTORREAL VELASQUEZ','(809)706-9436','118-0064674-','96781',9,3),(477,'FELIX','RODRIGUEZ REINOSO','000-000-0000','118-008208-0','00000',9,3),(478,'WASCAR LEONEL','ALMAZAR CASTRO','000-000-0000','057-016301-6','00000',9,3),(479,'ANTONY RAMON','VICIOSO PEÐA','(809)240-2393','155-0066947-','105584',9,3),(480,'ELY ANTHONY','ALBERTO GREEN','(809)453-6124','048-0842652-','107544',9,3),(481,'DIONISIO','MORALES SANTOS','000-000-0000','052-008294-8','00000',9,3),(482,'FRANKLIN','VALDEZ GONZALEZ','(829)828-0402','057-0139180-','97298',9,3),(483,'KELVIS ADALBERTO','VALERIO RODRIGUEZ','000-000-0000','048-103668-4','00000',9,3),(484,'DANIEL','ARIZA NUÐEZ','829-863-0251','001-242502-0','00000',9,3),(485,'VICTOR','LOPEZ GUTIERREZ','(829)212-4713','047-1243224-','100992',9,3),(486,'LUIS MIGUEL','SANCHEZ DE LA CRUZ','809-383-9984','402-005178-9','00000',9,3),(487,'HENRY TEOFILO','RODRIGUEZ ADAMES','(000)000-0000','402-3269909-','101855',9,3),(488,'FEDEIRY','LOPEZ GARCIA','829-315-2067','118-014246-2','00000',9,3),(489,'MANUEL FELIX','BAEZ SUAREZ','000-000-0000','048-097696-3','00000',9,3),(490,'JUAN RAMON','ACEVEDO TAVAREZ','(000)000-0000','402-2180201-6','106536',13,3),(491,'CLAUDIO ANIBAL','HERNANDEZ ORTEGA','(000)000-0000','402-2164307-1','107542',13,3),(492,'LEONARDO','ALMONTE BONIFACIO','(000)000-0000','118-0008011-8','97434',13,3),(493,'DANNY RAFAEL','ROJAS OTAÐEZ','(000)000-0000','049-0034610-9','54184',13,3),(494,'LUIS MANUEL','MONEGRO SANCHEZ','(000)000-0000','118-0013753-8','101835',13,3),(495,'JUAN CARLOS','VALENTIN','(000)000-0000','048-0576706-','97473',13,3),(496,'  CRISTINO ANTONIO','PALOMINO','(000)000-0000','049-0036963-0','53172',13,3),(497,'YASULIN RAMONA','GIL JEREZ','000-000-0000','123-015017-9','00000',1,3),(498,'CARLOS MANUEL','CONCEPCION HERNANDEZ','(809)804-1788','402-2059048-','93447',3,3),(499,'JESUS ALBERTO','PAREDES ADAMES','(809)961-7518','402-0143172-','94021',3,3),(500,'SANDY','MATIAS REYES','(849)286-8228','118-0080324-','93075',3,3),(501,'JORGE LUIS','ORTEGA HENRIQUEZ','(809)360-0705','402-0754465-','108861',3,3),(502,'JESUS','LOPEZ GARCIA','(849)846-4688','402-1200749-2','00000',7,3),(503,'JOSE FRANCISCO','MARTINEZ MARTINEZ','849-846-4688','402-507193-1','00000',1,3),(504,'MIGUEL ANTONIO','JIMENEZ PEÐA','000-000-0000','118-014191-0','00000',1,3),(505,'JOHN MARCOS','ORTIZ ROSARIO','829-298-4094','402-963820-0','00000',1,3),(506,'BIANKA','NAVARRO','(829)522-7868','049-0035005-1','00000',5,3),(507,'MARINO ENRRIQUE','NAVARRO','000-000-0000','047-057011-4','00000',1,3),(508,'LUIS ENRIQUE','ROSARIO TRAVIESO','829-968-8438','001-952637-4','00000',1,3),(509,'JOSE ANTONIO','BAUTISTA','(849)276-1214','049-0055552-7','00000',6,3),(510,'ELIDIO','GUZMAN POLANCO','809-259-2661','049-007127-7','00000',1,3),(511,'YOEL','ROSARIO BRITO','829-826-2132','049-082984-9','00000',1,3),(512,'CARLOS RAFAEL','ADAMES GALAN','000-000-0000','155-007287-9','00000',1,3),(513,'YORDANNY MIGUEL','CRUZ REYNOSO','000-000-0000','049-056654-0','00000',1,3),(514,'RAFAEL','MOREL ARIAS','000-000-0000','118-014459-1','00000',1,3),(515,'DOMINGO','ABREU','000-000-0000','118-005682-9','00000',1,3),(516,'FRANCISCO DE PAULA','BAEZ SANCHEZ','829-797-1191','118-010979-2','00000',1,3),(517,'LUIS DOMINGO','SUAREZ MINAYA','(000)000-0000','136-0142486-','111516',4,3),(518,'PEDRO','ROSARIO DIAZ','000-000-0000','049-029201-4','00000',1,3),(519,'HIDALGO RAMON','CASTILLO ADAMES','000-000-0000','049-064458-6','00000',1,3),(520,'REYES','ROSARIO GONZALEZ','000-000-0000','402-090862-4','00000',1,3),(521,'JUAN CARLOS','URBANO GARCIA','829-707-7159','049-053288-0','00000',1,3),(522,'KELVIN TOMAS','CRUZ GONZALEZ','829-657-3168','118-014012-8','00000',1,3),(523,'JOSE LUIS','ROSARIO SANCHEZ','(849)205-1980','049-0667348-','00000',3,3),(524,'JOSE','HERNANDEZ BELEN','000-000-0000','049-059135-7','00000',1,3),(525,'CARLOS JOSE','HERNANDEZ CONCEPCION','000-000-0000','402-266690-7','00000',1,3),(526,'RAFAEL','MARIANO BONIFACIO','000-000-0000','049-052287-3','00000',1,3),(527,'MARINO','DE LEON','829-610-9933','047-210119-9','00000',1,3),(528,'DARIO','GARCIA HENRIQUEZ','849-912-3592','402-094208-6','00000',1,3),(529,'WILLIAMS','NUÐEZ FABIAN','829-264-5844','049-058591-2','00000',1,3),(530,'JUAN RAFAEL','MARTINEZ DE LA CRUZ','829-319-7883','224-061796-9','00000',1,3),(531,'GUARIONEX','BELEN BELEN','(000)000-0000','049-0273444-','00000',3,3),(532,'FRANCISCO','ROSARIO VASQUEZ','(829)384-4323','001-8175934-','91790',3,3),(533,'SANTIAGO','VALDESPINA SANTOS','849-751-7573','049-090930-2','00000',1,3),(534,'WILSON','DEL ROSARIO SANCHEZ','809-767-3147','049-087663-4','00000',1,3),(535,'RICKY MIGUEL','HERNANDEZ JOAQUIN','829-283-7475','402-811519-8','00000',1,3),(536,'JUNIOR','GALVEZ PAYANO','829-908-8612','402-190314-7','00000',1,3),(537,'VICTOR','PIMENTEL VASQUEZ','829-279-1267','049-073146-6','00000',1,3),(538,'MARCELINO','ACEVEDO ACOSTA','809-737-1035','118-005018-6','00000',1,3),(539,'FRANCISCO ANTONIO','SANCHEZ ROSARIO','000-000-0000','049-078970-4','00000',1,3),(540,'JAVIER','GUZMAN FABIAN','000-000-0000','049-087100-7','00000',1,3),(541,'JOEL','HEREDIA REINOSO','809-879-7276','223-105046-8','00000',1,3),(542,'YOLEYBI','ROMERO SANCHEZ','809-963-8665','118-015171-1','00000',1,3),(543,'FRANCISCO','VIDAL GIL','000-000-0000','118-010417-3','00000',1,3),(544,'RAUL','BELEN FABIAN','(829)258-1469','001-1658312-1','30203',10,3),(545,'BLAURY MANUEL','BATISTA','809-860-3946','402-696390-4','00000',1,3),(546,'ESTEBAN','GALVEZ SIRI','849-457-8953','225-028950-3','00000',1,3),(547,'EVARISTO','CORONADO BAUTISTA','809-817-5535','049-045219-6','00000',1,3),(548,'MIGUEL ANGEL','CASTRO FABIAN','(829)210-8231','049-0664873-','92269',3,3),(549,'HIGINIO','AQUINO CRUZ','(829)296-0875','049-0788086-','000000',3,3),(550,'HIGINIO','FARIAS SERRANO','(829)707-8164','049-0769334-','00000',3,3),(551,'MARIO','ENCARNACION','(809)352-2677','001-9839894-','91731',3,3),(552,'FAUSTO','BAUTISTA SEVERINO','(809)847-8159','001-6510140-','91775',3,3),(553,'FRANCISCO','REYES VASQUEZ','(809)909-4456','001-3089132-','00000',3,3),(554,'NICANOR','VASQUEZ NUÐEZ','(849)873-0294','049-0789555-','92465',3,3),(555,'LUIS ALEJANDRO','BONIFACIO PIMENTEL','(809)354-7819','049-0899297-','00000',3,3),(556,'ALVARO','ABREU HIDALGO','(829)805-8114','402-2967927-','93450',3,3),(557,'AMBIORIX','VASQUEZ GARCIA','809-694-2314','049-090258-8','00000',1,3),(558,'JESUS ANTONIO','REINOSO REINOSO','849-886-7346','402-087926-2','00000',1,3),(559,'EVARISTO','GALVEZ SANTOS','829-853-1339','118-003135-0','00000',1,3),(560,'RAMON','HERNANDEZ PAREDES','829-357-5030','049-081481-6','00000',1,3),(561,'FRANCISCO JAVIER','BAUTISTA SANCHEZ','(829)543-5310','402-7563636-','00000',3,3),(562,'GABRIEL','REYES GUZMAN','(849)278-6163','402-5738349-','102819',3,3),(563,'ROLANDO','ACOSTA MARTINEZ','(809)256-5703','402-7744766-','109058',3,3),(564,'VALERIO','BONIFACIO SOSA','(829)330-7552','402-7419078-','102275',3,3),(565,'HILARIO','BLANCO DIAZ','(829)546-4223','118-0099647-','93106',3,3),(566,'KELVIN','VIZCAINO HIDALGO','(829)287-7144','402-5912506-','109960',3,3),(567,'LEONCIO','DE LA CRUZ RAMIREZ','(809)627-5923','031-2291584-','109962',3,3),(568,'ROLANDO','MINGO BONIFACIO','(809)229-1955','049-0620602-','109963',3,3),(569,'TAUDY','LANTIGUA GARCIA','829-925-7215','049-086368-1','00000',1,3),(570,'PEDRO','NUÐEZ','849-360-7663','049-022848-9','00000',1,3),(571,'LORENZO','HERNANDEZ REGALADO','(000)000-0000','049-0537905-','92125',3,3),(572,'ERNESTO','MOSQUEA GARCIA','(829)286-7226','118-0080670-','93076',3,3),(573,'DOROTEO','DE LA CRUZ GOMEZ','829-365-5968','049-032145-8','00000',1,3),(574,'RAUL','CORDERO MOSQUEA','(829)663-8033','049-0581879-','110111',3,3),(575,'ROBERTO','PICHARDO PEGUERO','(849)251-6993','049-0610017-','00000',3,3),(576,'YONAURI','MORROBEL BONIFACIO','829-647-6935','049-084997-9','00000',1,3),(577,'JOSE RAMON','ANTIGUA MARIANO','829-729-4913','402-094680-6','00000',1,3),(578,'JOSE LUIS','ADAMES VELOZ','829-260-1676','049-090081-4','00000',1,3),(579,'JULIAN ALEXANDER','HERNANDEZ ALMONTE','829-756-4211','402-301334-9','00000',1,3),(580,'OSCAR','ALMONTE MEJIA','829-695-7590','402-608847-0','00000',1,3),(581,'ISMAEL','VASQUEZ VASQUEZ','000-000-0000','049-087807-7','00000',1,3),(582,'JUAN MARTIN','DE LOS SANTOS PACHANO','(000)000-0000','402-9692330-','00000',1,3),(583,'CESAR','LANTIGUA MORALES','000-000-0000','049-088131-1','00000',1,3),(584,'JOSE DEL CARMEN','MARTE SERRANO','000-000-0000','049-082344-6','00000',1,3),(585,'ROLANDO','AQUINO CRUZ','(829)708-8727','049-0872260-','00000',1,3),(586,'JOEL','CONCEPCION','849-351-8345','049-091578-8','00000',1,3),(587,'JOSE FRANCISCO','MARTINEZ VASQUEZ','829-301-7859','049-053741-8','00000',1,3),(588,'GERMARLYN','PEÐA HEREDIA','809-843-4833','049-091025-0','00000',1,3),(589,'HENRRY RAFAEL','PERALTA MENDOZA','829-827-6963','049-035560-5','00000',1,3),(590,'JENSI','RODRIGUEZ REINOSO','809-551-5303','118-013838-7','00000',1,3),(591,'JULIO CESAR','NUÐEZ CASSO','829-775-2706','049-087436-5','00000',1,3),(592,'ANEURY','SANTOS HERNANDEZ','000-000-0000','049-089231-8','00000',1,3),(593,'EDUVIGES','FRANCO','000-000-0000','023-103850-7','00000',1,3),(594,'MIGUEL ANGEL','DISLA BAUTISTA','000-000-0000','402-289796-5','00000',1,3),(595,'ELIAS','YEPEZ HERNANDEZ','809-610-5277','118-009965-4','00000',1,3),(596,'BERTO LUIS','MORROBEL BAUTISTA','849-457-4442','049-085078-7','00000',1,3),(597,'ALBERTO','ABREU MARTINEZ','829-496-9848','049-035057-2','00000',1,3),(598,'ANTONI','ROSARIO DE LA CRUZ','829-979-7995','049-087280-7','00000',1,3),(599,'DANIEL','BELEN HERNANDEZ','000-000-0000','402-530161-9','00000',1,3),(600,'ARQUIMEDES','VASQUEZ NUÐEZ','000-000-0000','049-055883-6','00000',1,3),(601,'CESAR STARLYN','EUSEBIO HICIANO','000-000-0000','402-537318-8','00000',1,3),(602,'ALVARO LUIS','ROSA CAPELLAN','(000)000-0000','118-0013959-1','00000',7,3),(603,'ELPIDIO','VILORIA VILORIA','(000)000-0000','049-0389265-','00000',6,3),(604,'JOSE ALFREDO','NAVARRO GARCIA','(000)000-0000','001-7027136-','00000',6,3),(605,'LUIS MIGUEL','FABIAN MENDOZA','(829)727-4543','402-0872085-','00000',6,3),(606,'JOSE RAFAEL','MARTE MARTE','000-000-0000','047-062019-0','00000',1,3),(607,'MIGUEL ANGEL','ROSARIO','(809)883-9041','049-0640196-','00000',6,3),(608,'BELLA ESCARINA','VELASQUEZ DOMINGUEZ','(809)203-0935','049-0866239-','99236',2,3),(609,'JULIAN ABEL','GIL ORTIZ','000-000-0000','118-014409-6','00000',2,3),(610,'SAMUEL','OTANEZ COLON','(829)336-9996','049-0815756-','92539',2,3),(611,'RUBEN','ALMONTE TEJADA','(829)743-3127','049-0786130-','92456',2,3),(612,'JOEL','ADAMES REYES','(829)905-8792','049-0714330-','105766',2,3),(613,'ERIS ANNER','FELIPE VASQUEZ','(809)676-8127','049-0831837-','93969',2,3),(614,'LUCIANO ANTONIO','JEREZ GONZALEZ','(829)497-8425','049-0873094-','93774',2,3),(615,'FRANCIS','CRUZ HERNANDEZ','(829)230-8496','049-0760952-','93958',2,3),(616,'FRANCISCO','REYES ALMANZAR','809-225-4946','118-011009-7','00000',2,3),(617,'MIKY','ROA SANTANA','(809)477-1847','068-0400753-','104907',2,3),(618,'OSCAR','MARTE SUAREZ','(000)000-0000','049-0717184-','104991',2,3),(619,'FRANCISCO','CROUSSET DE LEON','829-772-5829','402-251380-2','00000',2,3),(620,'JUAN','MARTINEZ','(000)000-0000','123-0003865-','102580',2,3),(621,'MELVIN ANTONIO','TEJADA BELEN','(000)000-0000','402-2933358-','105476',2,3),(622,'RAFAEL ANTONIO','LIRIANO GONZALEZ','(000)000-0000','049-0790454-','105477',2,3),(623,'JEYSON','CORTES ORTEGA','(000)000-0000','048-1081193-','103040',2,3),(624,'BLADIS OMAR','VILORIA ABREU','(000)000-0000','402-0635185-','105761',2,3),(625,'TAMAYO','REYES RODRIGUEZ','(000)000-0000','049-0565385-','105791',2,3),(626,'LUIS TOMAS','MORENO REYES','(849)251-1050','402-1337658-','105786',2,3),(627,'ADALBERTO','AQUINO','(000)000-0000','402-9290622-','105765',2,3),(628,'EDGAR','LIRIANO DE LEON','(000)000-0000','057-0006041-','105776',2,3),(629,'AMBIORIX','RONDON RODRIGUEZ','(000)000-0000','049-0828551-','105767',2,3),(630,'ANEURY','LIRIANO RAMOS','(000)000-0000','402-9875491-','105770',2,3),(631,'RAUL','MENDOZA CEBALLO','(000)000-0000','402-8854881-','105789',2,3),(632,'JOSE LUIS','NUNEZ GARCIA','(000)000-0000','049-0903289-','105782',2,3),(633,'AMAURY','MARIANO BELEN','(000)000-0000','402-3271848-','105766',2,3),(634,'ARIEL ANTONIO','SANCHEZ SEVERINO','(000)000-0000','049-0895006-','105771',2,3),(635,'WILLIAMS','LORA DE DIOS','(000)000-0000','048-0814545-','99191',2,3),(636,'EDWARD','JIMENEZ VASQUEZ','(000)000-0000','402-4375590-','105789',2,3),(637,'JOSE ALBERTO','LOPEZ POLANCO','(000)000-0000','049-0796477-','105781',2,3),(638,'CRISTIAN','GALVEZ SANTOS','(829)478-2682','049-0718174-','105772',2,3),(639,'RAUNIER','VILORIA RAMOS','(829)932-6816','049-0893217-','194267',2,3),(640,'WILSON','ROSARIO TEJADA','(829)789-8840','048-0889778-','99221',2,3),(641,'RAMON','GENAO SUAREZ','(000)000-0000','049-0812233-','106151',2,3),(642,'JOSE ADAURI','MARIANO BELEN','(829)579-1736','402-5870480-','105780',2,3),(643,'GREGORYS','REINOSO CANELA','(000)000-0000','402-1562818-','108739',2,3),(644,'ARGENIS RAFAEL','REGALADO','(829)977-6922','049-0891153-','109175',2,3),(645,'MICHAEL','VASQUEZ','809-989-7957','049-084490-5','00000',2,3),(646,'KELBIN FLAMINIO','GIL ROSARIO','(829)404-3243','049-0608110-','97449',2,3),(647,'JUAN ALBERTO','DEL ORBE GARCIA','829-663-6916','087-016787-0','00000',2,3),(648,'HEURIS','HERNANDEZ BELEN','(809)665-2665','049-0785942-','92455',2,3),(649,'MARTIN','ROSARIO BAUTISTA','(829)938-7923','049-0865157-','92723',2,3),(650,'DOMINGO JOSE','REYNOSO CHAVEZ','(809)824-2289','049-0891435-','92861',11,3),(651,'VALENTIN','CABRERA RODRIGUEZ','809-490-0615','049-065053-4','00000',2,3),(652,'NELSON ANTONIO','MEJIA MEJIA','(000)000-0000','049-0519218-','104992',2,3),(653,'NELSON','CORNELIO','(849)265-2896','049-0573942-','92754',2,3),(654,'VICTOR RAMON','HERNANDEZ HERNANDEZ','(809)670-6153','049-0870066-','92746',11,3),(655,'JHONAURY','SANCHEZ ROSARIO','(829)571-7070','049-0863822-','93972',2,3),(656,'JEFFRY','SANCHEZ ROSARIO','(829)763-8623','402-1954694-','93446',2,3),(657,'JONATHAN','VASQUEZ MEJIA','(829)475-2131','402-2952232-','94029',2,3),(658,'MARIO','MOSQUEA VICENTE','(000)000-0000','049-0856172-','105475',2,3),(659,'OSCARIN ANTONIO','JIMENEZ SANCHEZ','(809)935-8597','049-0842008-','105563',2,3),(660,'JOSE AUGUSTO','VIDAL SANCHEZ','(000)000-0000','118-0135417-','105562',2,3),(661,'JUAN CARLOS','REYNOSO PEREZ','(000)000-0000','049-0866957-','105473',2,3),(662,'ELVY','ADAMES MENA','(000)000-0000','123-0145237-','105551',2,3),(663,'AARON','DIAZ PANIAGUA','(000)000-0000','123-0160525-','105583',2,3),(664,'EDDYSON','DIAZ TAVAREZ','000-000-0000','402-872368-0','00000',2,3),(665,'VICTOR ','MEJIA ROSARIO','(000)000-0000','402-2374197-','105479',2,3),(666,'FRANKELY','GIL ROBLES','(829)262-7251','049-0769995-','92423',2,3),(667,'DOMINGO FRANCISCO','SOLANO PAULINO','(000)000-0000','402-1621630-','105774',2,3),(668,'RAMON EMILIO','SALAS MIESES','(000)000-0000','226-0237048-','105788',2,3),(669,'ANEUDY','JOSE DIAZ','(829)404-3371','049-0853138-','97600',2,3),(670,'EDWARD','RAMOS ALMONTE','(000)000-0000','123-0152258-','99216',2,3),(671,'DANILO','LUNA RONDON','(829)807-7181','049-0394117-','105586',2,3),(672,'MARCOS ANTONIO','MARTINEZ SUERO','(000)000-0000','123-0018343-','105787',2,3),(673,'CRISTHIAN JUNIOR','RODRIGUEZ SANCHEZ','829-523-0281','402-606413-3','00000',2,3),(674,'AMAURY','RODRIGUEZ CANTALISIO','(000)000-0000','031-4363936-','106131',2,3),(675,'ERICKSON','HERNANDEZ RODRIGUEZ','(809)897-2414','402-2257121-','106358',2,3),(676,'PEDRO LUIS','RECIO DISLA','(000)000-0000','068-0433473-','106477',2,3),(677,'PEDRO','ROSARIO TEJADA','(000)000-0000','118-0097906-','107110',2,3),(678,'LUIS MIGUEL','RODRIGUEZ CARRASCO','(829)990-3505','402-4084505-','101824',2,3),(679,'WOLFRAN','REINOSO ROSARIO','000-000-0000','402-188759-5','00000',2,3),(680,'JESUS DEL CARMEN','GUTIERREZ MORILLO','(000)000-0000','049-0020043-','108969',2,3),(681,'JOSE MANUEL','BONILLA PEÐA','(829)513-7286','122-0052863-','108741',2,3),(682,'ENRIQUE MANUEL','SOTO','(000)000-0000','049-0619299-','92206',2,3),(683,'SEBERINO','MOREL REYNOSO','829-928-1237','049-084826-0','00000',1,3),(684,'JUAN MANUEL','RINCON GUZMAN','000-000-0000','024-021384-5','00000',1,3),(685,'REYNALDO EUSEBIO','GIL','000-000-0000','146-001331-3','00000',1,3),(686,'ARICEL','SOSA DELGADO','000-000-0000','024-018787-4','00000',1,3),(687,'RUDY','FUENTES SOSA','000-000-0000','024-006113-7','00000',1,3),(688,'JUAN','SEVERINO DE LA CRUZ','000-000-0000','004-023226-0','00000',1,3),(689,'CARLOS DAVID','CRUZ','829-816-2581','402-680631-7','00000',1,3),(690,'JOSE ANTONIO','BELEN PLACENCIA','849-750-2094','402-376494-1','00000',1,3),(691,'ARLETY MARLENI','MEJIA DE ROSARIO','000-000-0000','049-066486-5','00000',5,3),(692,'MICHAEL DARIO','NAVARRO MORALES','829-213-0394','402-475738-1','00000',5,3),(693,'SONIA ALTAGRACIA','ALMANZAR DIAZ','829-808-2332','049-081297-7','00000',5,3),(694,'LAURIBEL','NAVARRO MARMOL','809-855-8649','402-304149-8','00000',5,3),(695,'EDUVIGIS','PICHARDO PEGUERO','(849)249-9685','049-0801061-','00000',5,3),(696,'ANMY FARAH','LORA SALAZAR','829-806-5388','049-072665-6','00000',5,3),(697,'DENNY','ALMANZAR RODRIGUEZ','809-253-7246','049-078344-2','00000',5,3),(698,'ELIZAMARY','LOPEZ LOPEZ','(829)877-2325','049-0893738-','00000',5,3),(699,'KATHERINE','VILORIA HERNANDEZ','829-296-0319','402-218474-7','00000',5,3),(700,'ELVIA','MOYA RODRIGUEZ DE ORTIZ','809-240-0810','049-077703-0','00000',5,3),(701,'YOKAIRA EDILI','SALDIVAR ROSARIO','829-208-5661','402-476088-0','00000',5,3),(702,'VESAIRA','RODRIGUEZ REINOSO','000-000-0000','049-036344-3','00000',5,3),(703,'MAGDERLYN','ALMANZAR HERNANDEZ','809-883-5058','402-132834-3','00000',5,3),(704,'RAFAELINA EUNISE','JIMENEZ PEREZ','(000)000-0000','049-0715154-','52915',5,3),(705,'YUDELKY','VICIOSO ALMONTE','829-937-8389','049-056611-0','00000',5,3),(706,'JOSE D','NAVARRO MORALES','000-000-0000','402-005703-4','00000',5,3),(707,'BRENDA DARINILDA','NAVARRO MORALES','000-000-0000','049-081912-1','00000',5,3),(708,'ANDRES EDUARDO','GONZALES ARIAS','000-000-0000','031-474028-1','00000',5,3),(709,'RAMON RAYNIEL','FERNANDEZ RODRIGUEZ','(000)000-0000','402-0783399-','97593',14,3),(710,'MAX RONIER','MUÐOZ CASTAÐO','809-790-5673','049-088600-5','00000',5,3),(711,'SHIRLIAM AMARILYS','GRULLON RODRIGUEZ','(000)000-0000','118-0139096-','100169',5,3),(712,'RAFAEL ALFREDO','UREÐA VILORIA','829-589-2914','049-084605-8','00000',5,3),(713,'JOSE DARIO','NAVARRO','000-000-0000','049-049679-7','00000',5,3),(714,'CINDY MIGUELI NA','CARBONELL CRUSSET','809-997-1084','049-082075-6','00000',5,3),(715,'MELVIN','CORONADO MENDOZA','000-000-0000','049-079510-7','00000',5,3),(716,'LUIS AMBRIORIX','VELOZ NAVARRO','809-984-6850','049-070923-1','00000',5,3),(717,'RITA STEPHANY','DIAZ MORALES','829-448-0222','402-094670-7','00000',5,3),(718,'ROSANNA','ROSARIO REYES','829-298-4094','049-048531-1','00000',5,3),(719,'ANGEL MANAURI','ESPAILLAT DOMINGUEZ','000-000-0000','047-185926-8','00000',5,3),(720,'ADRIANNY','LAZALA JEREZ','829-682-7048','049-081238-1','00000',5,3),(721,'OSCAR WELINGTON','MORENO LORA','809-848-5532','402-112351-2','00000',5,3),(722,'DARIO ALEXANDER','NAVARRO','829-213-5061','049-051625-5','00000',5,3),(723,'VICTOR ALFONSO','VARGAS AGRAMONTE','(000)000-0000','049-0856784-','00000',5,1),(724,'RAUDI ORLANDO','CONTRERAS GUZMAN','000-000-0000','402-202890-0','00000',1,3),(725,'FRANCISCO JAVIER','SOLANO PAULINO','000-000-0000','049-072300-0','00000',1,3),(726,'ENSOR','OTANEZ','000-000-0000','049-004537-0','00000',1,3),(727,'NARCISO','ALMANZAR VASQUEZ','000-000-0000','049-057652-3','00000',1,3),(728,'LUIS MANUEL','MARTINEZ HILARIO','000-000-0000','402-211802-4','00000',1,3),(729,'GERALDO','DE LA CRUZ GUZMAN','809-505-7684','402-220435-2','00000',1,3),(730,'FRANCISCO JAVIER','BELEN VILLANUEVA','000-000-0000','402-324451-0','00000',1,3),(731,'LUIS MIGUEL','ROSARIO BAUTISTA','000-000-0000','402-808214-1','00000',1,3),(732,'ELADIO','ORTEGA HERNANDEZ','829-787-3632','049-086233-7','00000',1,3),(733,'HENRY','VASQUEZ PORTALATIN','809-749-0906','049-087614-7','00000',1,3),(734,'YERIDELBIS','GUZMAN BONIFACIO','809-653-6737','049-076822-9','00000',1,3),(735,'LINO','SANCHEZ','849-263-7404','049-073799-2','00000',1,3),(736,'ARISTIBEL','MARIANO ABREU','829-455-5849','402-164761-9','00000',1,3),(737,'INOEL','GONZALEZ','(809)467-9603','049-0057424-7','00000',3,3),(738,'JUAN ALEXANDER','SANCHEZ HERNANDEZ','829-743-5053','049-084613-2','00000',1,3),(739,'REURY JESUS','ESPINAL ROSARIO','829-308-2393','402-358158-4','00000',1,3),(740,'JORGE LUIS','VASQUEZ CORONADO','(829)276-7028','049-0808561-','00000',3,3),(741,'WILLY ABEL','PERALTA MORALES','(829)928-8635','402-2394930-','99439',2,3),(742,'BIERMELY','SERRANO RINCON','829-969-8231','402-447815-2','00000',1,3),(743,'DIOGENES ANTONIO','BAUTISTA GALVEZ','000-000-0000','049-081846-1','00000',1,3),(744,'CESARIN','REYNOSO AMPARO','000-000-0000','049-084821-1','00000',1,3),(745,'ANTONIO','REINOSO SANCHEZ','809-662-6936','402-397813-9','00000',1,3),(746,'CRISTIAN','DE LA ROSA ROSARIO','829-589-4339','118-014892-3','00000',1,3),(747,'ALBERTO','MORILLO TEJADA','829-964-6313','049-080736-5','00000',1,3),(748,'MELVIN FRANCISCO','QUEZADA SEVERINO','809-627-9449','402-303508-6','00000',1,3),(749,'RAFAEL BARTOLO','JOSE BAUTISTA','829-839-0433','001-245444-4','00000',1,3),(750,'YSRAEL','VENTURA MARTE','000-000-0000','402-122582-0','00000',1,3),(751,'JOSE ANTONIO','GALVEZ SUERO','849-642-5899','402-534509-7','00000',1,3),(752,'JOSE MARTIN','GUZMAN MENDOZA','829-667-8132','402-086597-2','00000',1,3),(753,'JOSE MIGUEL','DIAZ PAULINO','829-429-2956','402-220844-5','00000',1,3),(754,'JUNIOR','SANCHEZ','000-000-0000','049-080364-6','00000',1,3),(755,'SANTO','AMPARO ROBLES','829-650-5458','049-079914-1','00000',1,3),(756,'EUSTAQUIO','JIMENEZ GALVEZ','809-253-5213','118-007418-6','00000',1,3),(757,'JOSE ANIBAL','RODRIGUEZ','809-228-0184','049-031238-2','00000',1,3),(758,'DANILO','GARCIA REYES','829-943-8095','049-069822-8','00000',1,3),(759,'WENIGER','PEÐA HEREDIA','829-936-3413','049-088151-9','00000',1,3),(760,'JUAN CARLOS','BAUTISTA MOLA','829-785-0165','048-086939-0','00000',1,3),(761,'LUIS ANGEL','NUNEZ ROSARIO','000-000-0000','049-085483-9','00000',1,3),(762,'AGUSTIN','CASTRO MOLA','829-728-9830','049-073323-1','00000',1,3),(763,'ANTHONY','DE LA ROSA CRISOSTOMO','809-395-3862','402-728975-4','00000',1,3),(764,'RAYNIER ALBERTO','RODRIGUEZ CUSTODIO','000-000-0000','402-331110-7','00000',1,3),(765,'JOSE LUIS','SANCHEZ DE LA CRUZ','829-606-5996','049-087997-6','00000',10,3),(766,'EMILIANO','NUÐEZ BELEN','829-363-7487','402-313266-1','00000',10,3),(767,'JHONY','PERALTA MENDOZA','000-000-0000','049-086328-5','00000',10,3),(768,'WILLIAM JHOVANY','ALMONTE DE LEON','(000)000-0000','402-3583515-','100969',10,3),(769,'JUNIOR','SUAREZ TIBURCIO','000-000-0000','402-177836-4','00000',10,3),(770,'PEDRO','MERCADO SOTERO','849-284-9005','001-637637-7','00000',10,3),(771,'EDUARDO','FAJARDO DIPLAN','000-000-0000','005-004711-3','00000',10,3),(772,'WALDINY','VARGAS','829-464-6417','118-010506-3','00000',10,3),(773,'ARISMENDY','NUÐEZ HERNANDEZ','829-940-3917','049-062045-3','00000',10,3),(774,'VIRGEN MARIA','MARIANO REINOSO','000-000-0000','049-060337-6','00000',10,3),(775,'AMILKAR','BRITO','000-000-0000','049-083583-8','00000',10,3),(776,'BENITO','VILLANUEVA VASQUEZ','000-000-0000','049-079337-5','00000',10,3),(777,'JUSTO GERMAN','CHAVEZ DILONE','000-000-0000','049-030506-3','00000',10,3),(778,'MIGUEL','ALVAREZ AGRAMONTE','829-294-3177','049-063558-4','00000',10,3),(779,'MAXIMINO','SOSA TEJADA','829-917-5519','049-065944-4','00000',10,3),(780,'VICTOR MANUEL','AYBAR CORONADO','(829)362-3476','049-0087219-5','30042',10,3),(781,'ZOILO','BAUTISTA BELEN','809-516-6736','049-027681-9','00000',10,3),(782,'SALCEDO','ESTEVEZ HERNANDEZ','809-230-1199','049-090311-5','00000',10,3),(783,'ENERIO','VASQUEZ TRINIDAD','000-000-0000','402-001979-4','00000',10,3),(784,'JOSE ALFONZO','ADAMES ESPINAL','(000)000-0000','049-0467111-','100968',10,3),(785,'JOHENY','SANTANA HERNANDEZ','(000)000-0000','049-0088728-4','30027',10,3),(786,'ALBERTO','CASTRO FABIAN','(000)000-0000','049-0534753-','922120',10,3),(787,'MIGUEL','REYES','809-852-5020','049-061878-8','00000',10,3),(788,'MIGUEL','BELEN BELEN','829-882-3778','049-085662-8','00000',10,3),(789,'MARIO ANTONIO','RODRIGUEZ VICIOSO','809-486-2957','001-392154-0','00000',10,3),(790,'FELIPE','LAUREANO FABIAN','000-000-0000','001-665181-1','00000',10,3),(791,'MANUEL','ORTEGA FABIAN','849-857-9323','049-090739-7','00000',10,3),(792,'JOSIA','VILORIA','829-260-7375','049-060796-3','00000',10,3),(793,'JULIO','VILLANUEVA','(809)713-0281','049-0065079-9','30038',10,3),(794,'LUIS','QUEZADA TOLENTINO','809-210-0704','118-002040-3','00000',10,3),(795,'JUAN FERMIN','BELEN MARTE','000-000-0000','001-169910-4','00000',10,3),(796,'RAFAEL','SALDAÐA ESTEVEZ','829-789-7900','005-010906-1','00000',10,3),(797,'HENRY','FABIAN FRANCISCO','809-934-1063','402-764208-5','00000',10,3),(798,'RAMON EMILIO','MATIAS ESPINAL','809-768-0672','001-793679-9','00000',10,3),(799,'BRAULIO','JEREZ REYNOSO','829-218-6840','402-132102-5','00000',10,3),(800,'OSCAR EDUARDO','BELEN REYNOSO','000-000-0000','402-463400-2','00000',10,3),(801,'JUAN JOSE','CARRASCO','000-000-0000','080-008116-9','00000',10,3),(802,'JHONATAN','ACOSTA DIAZ','(829)578-6379','402-3190048-','106970',10,3),(803,'ALEXIS OSIRIS','PEÐA SALOMON','000-000-0000','057-016749-6','00000',10,3),(804,'EDUARDO','MARTINEZ ARCANGEL','000-000-0000','118-007191-9','00000',10,3),(805,'FREDERICK MARIANO','REYES VARGAS','000-000-0000','402-203717-2','00000',10,3),(806,'CARLOS','MENDOZA BELEN','000-000-0000','049-091029-2','00000',10,3),(807,'WENDY','POLANCO','(829)469-8536','049-0124365-','101006',10,3),(808,'DARIO TEOFILO','MARTINEZ VASQUEZ','809-359-4598','049-080834-8','00000',10,3),(809,'MIGUEL ANGEL','HERNANDEZ ALMANZAR','000-000-0000','049-049401-6','00000',10,3),(810,'RAMON ANTONIO','ABRINCOLE SEBERINO','(809)843-5936','049-0769714-','00000',10,3),(811,'ONELIO DE JESUS','ESTRELLA PARRA','(829)573-7161','049-0048378-7','100982',10,3),(812,'JOSE ANTONIO','VENTURA CORONADO','8298027052','049-084307-1','00000',10,3),(813,'RAFAEL','TEJADA','000-000-0000','049-036418-5','00000',10,3),(814,'JOHAN SCOTT','NAVARRO','829-450-5339','049-086181-8','00000',10,3),(815,'JHAN CARLOS','LEONARDO JAVIER','809-935-2364','049-082966-6','00000',10,3),(816,'EDINSON','CORNIEL ACEVEDO','000-000-0000','121-012005-9','00000',10,3),(817,'JOSE ALBERTO','GUZMAN MENDOZA','829-764-0032','118-012211-8','00000',10,3),(818,'FRANCIS','TORRES FABIAN','809-240-1144','049-066152-3','00000',10,3),(819,'EDWIN AUGUSTO','ROSA POLANCO','(829)556-6629','001-1940677-5','30153',10,3),(820,'WILLY','MOREL CARRASCO','809-862-9079','001-626901-0','00000',10,3),(821,'JOSE EMMANUEL','GARCIA','000-000-0000','402-409104-7','00000',10,3),(822,'JULIO CESAR','GOMEZ MARTE','(829)332-5470','402-4641393-','104107',10,3),(823,'RAMON ANTONIO','DIAZ PAULINO','(000)000-0000','402-7050172-','107679',10,3),(824,'DANIEL','NOLASCO URBANO','000-000-0000','001-162850-9','00000',10,3),(825,'FEIBY JHORDANYS','VILORIA','000-000-0000','049-066597-9','00000',10,3),(826,'LUIS ANTONIO','LANFRANCO','(000)000-0000','001-0900906-8','30207',10,3),(827,'NAIROBI RODOLFO','VELEZ RIJO','000-000-0000','118-014498-9','00000',10,3),(828,'JHONATAN','ROBLES DE LEON','(000)000-0000','049-0878937-','103165',10,3),(829,'CARLOS EDUARDO','RODRIGUEZ CRUZ','(000)000-0000','402-2184982-7','30184',10,3),(830,'DANIEL','JIMENEZ LORENZO','000-000-0000','118-012112-8','00000',10,3),(831,'ARIEL','DOMINGUEZ AMPARO','000-000-0000','402-353142-3','00000',10,3),(832,'FELIX','ROSARIO AGUILERA','829-826-2477','049-035687-6','00000',10,3),(833,'RICHARD','TRINIDAD ORTIZ','000-000-0000','402-153889-7','00000',10,3),(834,'FERNANDO','MERCADO SOSA','809-871-1843','402-486755-2','00000',10,3),(835,'BASILIO','VENTURA PORTALATIN','(000)000-0000','049-0762800-','97476',10,3),(836,'SOCRATES','ROSARIO','000-000-0000','049-032287-8','00000',10,3),(837,'JOSE LUIS','MORILLO JORDAN','000-000-0000','402-626177-8','00000',10,3),(838,'LUCILO','GIL','000-000-0000','402-726959-0','00000',10,3),(839,'JOEL','BELEN BELEN','000-000-0000','402-669313-7','00000',10,3),(840,'CARLOS','DE DIOS GONZALEZ','000-000-0000','402-693575-1','00000',10,3),(841,'FERMIN','JIMENEZ DE JESUS','000-000-0000','118-010744-0','00000',10,3),(842,'ANA','SURIEL DE MEJIA','809-296-4310','048-039758-2','00000',1,3),(843,'JAEL','BAEZ TRINIDAD','(829)965-4165','402-0584411-','108482',2,3),(844,'ROSEMARY','MONTERO BOCIO','(809)245-6379','223-1000422-','106329',2,3),(845,'ANTONIO','DIAZ JIMENEZ','809-849-6026','031-055885-1','00000',1,3),(846,'JOSE ANTONIO','FERNANDEZ VILLAR','000-000-0000','001-612277-1','00000',1,3),(847,'RICHARD BIENVENIDO','DE LA CRUZ MARTE','809-551-2426','118-012180-5','00000',1,3),(848,'VALENTIN','HILARIO ABREU','829-605-7074','402-132997-8','00000',1,3),(849,'NERVI','BELEN CORONADO','(809)214-0246','049-0670383-','92278',3,3),(850,'ESTAYRIN YAMEL','REYES MOLA','809-856-0300','402-688181-7','00000',1,3),(851,'EMILIO','ADAMES','829-718-7249','049-044167-8','00000',1,3),(852,'YSIDRO','BONIFACIO CONCEPCION','809-478-1352','001-894872-8','00000',1,3),(853,'DOMINGO ALEXIS','GALVEZ OVALLE','829-519-5879','049-083819-6','00000',1,3),(854,'JUAN JOSE','SANCHEZ EUSTAQUIO','809-458-7786','402-376171-5','00000',1,3),(855,'JUAN PABLO','REYNOSO AMPARO','849-853-8161','049-068956-5','00000',1,3),(856,'JOSE RAMON','GUZMAN BONIFACIO','829-369-4839','049-077342-7','00000',1,3),(857,'RAFAEL','ESTEVEZ','829-589-0681','049-090502-9','00000',1,3),(858,'ROBERTO','SANCHEZ SEVERINO','829-589-0288','049-082086-3','00000',1,3),(859,'ELOY','MARIANO','(000)000-0000','049-0269095-','102840',3,3),(860,'LORENZO','GARCIA TORRES','829-816-2267','118-011579-9','00000',1,3),(861,'ROBERTO','SANCHEZ BAUTISTA','829-830-6108','001-829755-5','00000',1,3),(862,'ANEURI','JIMENEZ SOSA','829-752-4161','049-090164-8','00000',1,3),(863,'DOMINGO','BETANCES FABIAN','829-428-5893','402-089610-6','00000',1,3),(864,'FREDDY','VASQUEZ MOLA','809-979-0615','118-015330-3','00000',1,3),(865,'ROELVIN','ROSARIO','(809)778-2828','402-5400553-','94019',3,3),(866,'JOSE ALBERTO','VENTURA','829-512-0991','402-121500-5','00000',1,3),(867,'JOSE ALEXANDRI','BELEN','829-337-3731','402-905842-3','00000',1,3),(868,'MATEO','REINOSO SANCHEZ','809-206-7089','402-477955-1','00000',1,3),(869,'RAMON','ANTIGUA PEREZ','809-484-1351','118-015155-4','00000',1,3),(870,'JULIO RAFAEL','ROSARIO GIL','829-568-0928','049-031263-0','00000',1,3),(871,'LISANDRO','AYBAR SANCHEZ','829-363-3257','402-788103-8','00000',1,3),(872,'MELVIN','AYBAR SANCHEZ','829-363-3257','049-089811-7','00000',1,3),(873,'MIGUEL ANGEL','DIAZ PAULINO','849-203-3623','402-498026-6','00000',1,3),(874,'JEAN CARLOS','ROSARIO BELEN','829-705-4525','402-488544-0','00000',1,3),(875,'RAULIS','FARIAS SANTOS','849-249-4188','402-458611-3','00000',1,3),(876,'MARCOS ANTONIO','HERNANDEZ MERCEDES','849-251-6993','402-503713-2','00000',1,3),(877,'CRISTIAN','AMPARO DEL VILLAR','809-854-8588','402-677850-0','00000',1,3),(878,'ENMANUEL','RODRIGUEZ ALBERTO','829-388-3440','402-608520-3','00000',1,3),(879,'WANDER','NUÐEZ CORONADO','(809)758-0144','402-3214840-','00000',1,3),(880,'ANGEL MANUEL','DE LA CRUZ MOREL','829-536-5925','402-239251-8','00000',1,3),(881,'CHARLES JEULLY','SANCHEZ PIMENTEL','829-663-6916','049-065928-7','00000',1,3),(882,'RAFAEL UNGRIA','SOSA SANCHEZ','829-213-8698','045-024484-5','00000',1,3),(883,'FELIX JOAQUIN','DIAZ SOSA','(809)389-2692','402-6559553-','00000',3,3),(884,'CARLOS MANUEL','ROSA ROSARIO','000-000-0000','402-792783-3','00000',1,3),(885,'ANTHONY','VELA','(829)755-9525','000-0000000-0','NO TIENE',5,3),(886,'MICHAEL','FERREIRA','(000)000-0000','000-0000000-0','921568',3,3),(887,'ELVIS','AGRAMONTE','(000)000-0000','000-0000000-0','93946',3,3),(888,'ARON','TEJADA HIDALGO','(000)000-0000','000-0000000-0','93768',3,3),(889,'JAIRON','DEL ROSARIO','(000)000-0000','000-0000000-0','92668',3,3),(890,'INOEL','PLASENCIA MOSQUEA','(000)000-0000','000-0000000-0','93537',3,3),(891,'SANTO ','HERNANDEZ','(000)000-0000','000-0000000-0','92811',3,3),(892,'FRANKLIN','ZAPATA','(000)000-0000','000-0000000-0','92962',3,3),(893,'RICHARD','VASQUEZ','(000)000-0000','000-0000000-0','103705',3,3),(894,'PEDRO ','AMPARO','(000)000-0000','000-0000000-0','98234',3,3),(895,'HENRY','DIAZ SANCHEZ','(000)000-0000','000-0000000-0','92394',3,3),(896,'PEDRO','MARIANO','(000)000-0000','000-0000000-0','107676',2,3),(897,'RAMON ALEXANDER','RODRIGUEZ','(000)000-0000','036-0033079-3','97827',11,3),(898,'LUIS ROBERTO ','MARTE','(000)000-0000','048-0110400-3','101311',11,3),(899,'EURIDIS','ACOSTA','(000)000-0000','049-0080779-5','105860',11,3),(900,'WILLY','DOMINGO','(000)000-0000','000-0000000-0','104244',3,3),(901,'CLAUDIO ','SUERO BAUTISTA','(849)255-8305','000-0000000-0','92401',3,3),(902,'MIGUEL ANGEL','SOSA MENDOZA','(000)000-0000','000-0000000-0','93626',3,3),(903,'NATANAEL','MARIANO BATISTA','(000)000-0000','000-0000000-0','93439',3,3),(904,'PEDRO LEURYS','CAPELLAN NUÑEZ','(000)000-0000','000-0000000-0','106501',3,3),(905,'REYES MARIA','AYBAR ADAMES','(000)000-0000','000-0000000-0','94046',3,3),(906,'JOSE DARIO','NAVARRO MORALES','(829)213-9497','000-0000000-0','000',5,3),(907,'WILLY','SERRANO SANTOS','(000)000-0000','000-0000000-0','93614',3,3),(908,'YSAIAS','SARANTE TORRES','(809)664-5172','000-0000000-0','92186',3,3),(909,'WAINNY ALGENIS ','MOJICA REYES','(000)000-0000','000-0000000-0','101358',3,3),(910,'FERNANDO ','VASQUEZ BAUTISTA','(000)000-0000','000-0000000-0','92024',3,3),(911,'CARLOS DAVID','JORAN HOLGUIN','(000)000-0000','000-0000000-0','107063',3,3),(912,'GERAL GUSTAVO','RAMOS HERNANDEZ','(000)000-0000','000-0000000-0','108144',3,3),(913,'JOSE ANTONIO','ADAMES OLIVO','(000)000-0000','000-0000000-0','104238',3,3),(914,'JOSE LUIS ','HEREDIA BELEN','(000)000-0000','000-0000000-0','93671',3,3),(915,'KENNEDY AUGUSTO','VICENTE PIMENTEL','(000)000-0000','000-0000000-0','104452',3,3),(916,'SAMUEL ','ACOSTA PICHARDO','(000)000-0000','000-0000000-0','99261',3,3),(917,'SIXTO AMADO','ACOSTA PICHARDO','(000)000-0000','000-0000000-0','104299',3,3),(918,'WANDY','PEREZ','(000)000-0000','000-0000000-0','104464',3,3),(919,'WILLY DOMINGO','BATISTA GARCIA','(000)000-0000','000-0000000-0','104244',3,3),(920,'NERY','GARCIA LANTIGUA','(000)000-0000','000-0000000-0','92317',3,3),(921,'YIN FREDERICK','HOLGUIN ESPINAL','(000)000-0000','000-0000000-0','102594',3,3),(922,'EUDY ','DE LA CRUZ GARCIA','(000)000-0000','000-0000000-0','92955',3,3),(923,'JOSE LUIS','DEL ROSARIO','(000)000-0000','000-0000000-0','91798',3,3),(924,'RICHAR WILSON','VASQUEZ VASQUEZ','(000)000-0000','000-0000000-0','103705',3,3),(925,'EDWIN ','MEJIA DE DIOS','(000)000-0000','000-0000000-0','107054',3,3),(926,'JOHAN MANUEL ','RODRIGUEZ MANZUELA','(000)000-0000','000-0000000-0','93570',3,3),(927,'ARCENIO','HERNANDEZ','(000)000-0000','000-0000000-0','92078',3,3),(928,'MIGUELITO','GALVEZ','(000)000-0000','000-0000000-0','92849',3,3),(929,'DANILSON','PEREZ REYES','(000)000-0000','000-0000000-0','110449',3,3),(930,'ENMANUEL','VASQUEZ BONIFACIO','(000)000-0000','000-0000000-0','93736',3,3),(931,'FELIX MANUEL','DE LA CRUZ VASQUEZ','(000)000-0000','000-0000000-0','102587',3,3),(932,'INGINIO','BLANCO ALVAREZ','(000)000-0000','000-0000000-0','101372',3,3),(933,'EDWARD MIGUEL','PEÑA VIDAL','(000)000-0000','000-0000000-0','94038',3,3),(934,'DRAYAN','DIAZ FABIAN','(000)000-0000','000-0000000-0','93451',3,3),(935,'NELSON','FRANCISCO HERNANDEZ','(000)000-0000','000-0000000-0','93495',3,3),(936,'JORGE LUIS','DIAZ MARIANO','(000)000-0000','000-0000000-0','93672',3,3),(937,'PEDRO','VILLANUEVA ROMERO','(000)000-0000','000-0000000-0','102745',3,3),(938,'FERNANDO ','ALVARADO','(000)000-0000','000-0000000-0','92948',3,3),(939,'RAMON',' COLLADO','(000)000-0000','000-0000000-0','99329',2,3),(940,'RAFAEL OSVALDO','SANCHEZ','(000)000-0000','000-0000000-0','93483',2,3),(941,'NEORLYN ENRIQUE','NOLASCO VENTURA','(000)000-0000','123-0016319-8','99200',2,3),(942,'DEIVYS STARLYN CASTILLO FELIZ','CASTILLO FELIZ','(000)000-0000','402-3708626-5','105773',11,3),(943,'AMAURYS','MARIANO','(000)000-0000','049-0089378-7','92876',3,3),(944,'BRAYAN','REYNA','(000)000-0000','000-0000000-0','110530',3,3),(945,'CARLOS ALFREDO','POLANCO','(000)000-0000','000-0000000-0','110529',3,3),(946,'ELADIO ','FERRERA','(000)000-0000','000-0000000-0','92364',3,3),(947,'MIGUEL ANGEL','MOTA BIDO','(000)000-0000','000-0000000-0','110531',3,3),(948,'BRAULIO ANTONIO','VASQUEZ','(000)000-0000','000-0000000-0','110699',3,3),(949,'YOSELIN','REYES','(000)000-0000','000-0000000-0','92972',3,3),(950,'JOSE ALEJANDRO','PEÑA','(000)000-0000','000-0000000-0','100821',3,3),(951,'LUIS','ESTEVEZ','(000)000-0000','000-0000000-0','93709',3,3),(952,'RAUL','BONIFACIO','(000)000-0000','000-0000000-0','93470',3,3),(953,'ELADIO','FERRERA LANTIGUA','(000)000-0000','000-0000000-0','92364',3,3),(954,'DANIEL ','VARGAS','(000)000-0000','000-0000000-0','109958',3,3),(955,'HERIBERT0','URBANO PAYANO','(000)000-0000','000-0000000-0','105572',3,3),(956,'ORLANDO','DE LA CRUZ REYES','(000)000-0000','000-0000000-0','93295',3,3),(957,'MICHAEL ','BONIFACIO CANO','(000)000-0000','000-0000000-0','92568',3,3),(958,'SIMON','AMPARO BELEN','(000)000-0000','049-0044196-7','00000',12,3),(959,'PABLO','LOPEZ BELEN','(000)000-000','049-0049146-7','00000',12,3),(960,'RAFAEL','AMPARO BAUTISTA','(000)000-0000','049-0067413-8','00000',12,3),(961,'ALEXIS ','REINOSO REINOSO','(000)000-0000','049-0084620-7','00000',12,3),(962,'RAFAEL','AMPARO BAUTISTA','(000)000-0000','049-0067413-8','00000',12,3),(963,'HILARIEL ANTONIO','BATISTA','(000)000-0000','000-0000000-0','107281',9,3),(964,'LUIS FRANCISCO','MORALES','(000)000-0000','000-0000000-0','00000',9,3),(965,'JOHAN MANUEL','CASTRO SANTOS','(000)000-0000','000-0000000-0','00000',9,3),(966,'FRANCISCO','MATOS','(000)000-0000','000-0000000-0','00000',9,3),(967,'JHON ','MANUEL MAYI','(000)000-0000','000-0000000-0','00000',9,3),(968,'MELVIN ANTONIO','RONDON','(000)000-0000','000-0000000-0','00000',9,3),(969,'ANDY RAFAEL','SANCHEZ DISLA ','(000)000-0000','118-0013968-2','00000',7,3),(970,'HIDALGO','CASTILLO ADAMES','(000)000-0000','000-0000000-0','000000',14,3),(971,'NANCY PAOLA','RAMIREZ','(000)000-0000','000-0000000-0','93957',14,3),(972,'ARIEL','JIMENEZ','(000)000-0000','000-0000000-0','101834',14,3),(973,'AMILKAR RODRIGO','CONTRERAS','(000)000-0000','048-0078835-0','99153',11,3),(974,'AURELIO','DIAZ','(000)000-0000','000-0000000-0','103098',11,3),(975,'CLEOFE','MENDOZA','(000)000-0000','001-0833016-8','107110',11,3),(976,'ARIEL','CRUZ GARCIA','(000)000-0000','000-0000000-0','92771',11,3),(977,'FRANCISCO','NUÑEZ MELLA','(000)000-0000','000-0000000-0','101303',11,3),(978,'JORGE','SEVERINO','(000)000-0000','000-0000000-0','108386',11,3),(979,'LORENZO ','FERREIRA','(000)000-0000','000-0000000-0','97749',11,3),(980,'JOSE ANTONIO','LEONARDO DEL ORBE ','(000)000-0000','000-0000000-0','108408',11,3),(981,'EDISON ','DIAZ','(000)000-0000','000-0000000-0','105774',2,3),(982,'WANDER RAFAEL','JEREZ CASTRO','(000)000-0000','000-0000000-0','107548',9,3),(983,'PEDRO JULIO','TAVERAS ALVARADO','(000)000-0000','000-0000000-0','101016',9,3),(984,'JOELY','ACOSTA','(000)000-0000','000-0000000-0','105792',9,3),(985,'JOSE ORLANDO','MEJIA','(000)000-0000','000-0000000-0','107545',9,3),(986,'ROSELIO','FABIAN JEREZ','(000)000-0000','049-0087219-5','30059',10,3),(987,'FELIX','AGUILERA','(000)000-0000','049-0035687-6','30188',10,3),(988,'PANTALEON','CANO','(000)000-0000','049-0032139-2','30229',10,3),(989,'ELADIO','GUZMAN','(000)000-0000','049-0007127-7','000',6,3),(990,'EDWARD FCO.','FERNANDEZ ALMANZAR','(000)000-0000','118-0015373-3','107098',11,3),(991,'DOMINGO','EL VILLAR BAUTISTA','(000)000-0000','049-0089714-3','101975',12,3),(992,'OKELY','GARCIA','(000)000-0000','000-0000000-0','0000',12,3),(993,'PABLO','LOPEZ BELEN','(000)000-0000','049-0049146-7','0000',12,3),(994,'SANTO','RORIGUEZ','(000)000-0000','402-3974577-7','0000',12,3),(995,'KELVIN ANERSON','ADAMES OTAÑEZ ','(000)000-0000','000-0000000-0','112160',3,3),(996,'JOEL','ADAMES REYES','(000)000-0000','000-0000000-0','92325',1,3),(997,'ESTARLIN ','AAMES VELOZ','(000)000-0000','000-0000000-0','99454',1,3),(998,'EMILO','ADAMES','(000)000-0000','000-0000000-0','92061',1,3),(999,'JOSE LUIS ','ROSARIO ROSARIO','(000)000-0000','049-0083339-5','99467',3,3),(1000,'STANLEY','JAVIER','(000)000-0000','402-2337887-4','111135',3,3),(1001,'DANILO','DE LOS SANTOS MANZUETA','(000)000-0000','049-0071906-5','92329',3,3),(1002,'ELIEZER ','RAMON RAMON','(000)000-0000','012-0126022-9','108469',3,3),(1003,'LUIS VIRGILIO','HOGDE','(000)000-0000','001-1174578-2','111474',10,3),(1004,'JOSE ','CASTILLO UARTE','(000)000-0000','049-0078672-6','00000',10,3),(1005,'JERSON ','PORTORREAL MOSQUEA','(000)000-0000','118-0015392-3','107316',3,3),(1006,'LEONEL','ESTEVEZ','(000)000-0000','049-0090497-2','92936',3,3),(1007,'ANTHONY','DE LA CRUZ MENDOZA','(000)000-0000','047-0199283-8','104793',2,3),(1008,'JOSE LUIS','ROSARIO MORALES','(000)000-0000','049-0076274-3','68538',3,3),(1009,'ANDY JOEL','CASSO CRUZ','(000)000-0000','000-0000000-0','111522',3,3),(1010,'BELBIN ALEXANDER','DE JESUS M','(000)000-0000','000-0000000-0','11528',3,3),(1011,'ANDY JOEL','CASSO CRUZ','(000)000-0000','000-0000000-0','111522',3,3),(1012,'RAMON ANT.','DE LA CRUZ','(000)000-0000','000-0000000-0','111533',3,3),(1013,'JOEL ','JIMENEZ AGRAMONTE','(000)000-0000','000-0000000-0','111531',3,3),(1014,'EDUARDO JOSE','MARIANO SANCHEZ','(000)000-0000','000-0000000-0','111529',3,3),(1015,'FELIX ','MARIANO VASQUEZ','(000)000-0000','000-0000000-0','000000',3,3),(1016,'FRANCISCO ESTARLIN ','CONCEPCION','(000)000-0000','000-0000000-0','00000',3,3),(1017,'JAVIER ','RAMOS ER LA CRUZ','(000)000-0000','000-0000000-0','00000',3,3),(1018,'                                                                                                    ','SEVERINO','(000)000-0000','000-0000000-0','FALTA',3,3),(1019,'JUAN','DIAZ','(000)000-0000','000-0000000-0','FALTA',3,3),(1020,'JOSE MANUEL','VIZCAINO','(000)000-0000','000-0000000-0','FALTA',3,3),(1021,'DANNY MIGUEL','GERONIMO','(000)000-0000','000-0000000-0','FALTA',3,3),(1022,'ARISMENDY ANT.','MARTE','(000)000-0000','000-0000000-0','FALTA',3,3),(1023,'JEUYS EUGENIO','VASQUEZ','(000)000-0000','000-0000000-0','FALTA',3,3),(1024,'CARLOS ALBERTO','QUEZAA','(000)000-0000','000-0000000-0','FALTA',3,3),(1025,'JOSE ARMANDO ','SEVERINO','(000)000-0000','000-0000000-0','FALTA',3,3),(1026,'DAHIAN','SANTIAGO FELIPE','(000)000-0000','118-0014021-9','111615',3,3),(1027,'JEOVANNY','LEONEL ANGELES','(000)000-0000','402-2211804-0','93595',3,3),(1028,'JUAN ','SANCHEZ','(000)000-0000','000-0000000-0','92628',3,3),(1029,'JOSE ANT. ','BELEN S.','(000)000-0000','000-0000000-0','92509',3,3),(1030,'JOSE FRANCISCO','BERIHUETE','(000)000-0000','001-1423132-7','00000000',7,3),(1031,'KERLLYS','GUZMAN','(000)000-0000','000-0000000-0','102046',2,3),(1032,'MATEO','GUERRERO','(000)000-0000','049-0080960-1','99183',2,3),(1033,'FRANCISCO LEONEL','DUARTE MOYA','(000)000-0000','402-2106420-3','93524',2,3),(1034,'MELVIN ANT.','GERARDO BRITO','(000)000-0000','023-0000996-1','93311',2,3),(1035,'RAFAEL ANT. ','HINOJOSA PICHARDO','(000)000-0000','402-2191270-8','99187',2,3),(1036,'JOHAN ','CHIRENO RAMIREZ','(000)000-0000','402-2410189-5','97667',2,3),(1037,'YOVANNY','MENOZA','(000)000-0000','049-0066553-2','92271',2,3),(1038,'BENJAMIN ','ROMERO SALAS','(000)000-0000','023-0069252-8','112396',3,3),(1039,'CRISTIAN','SANTOS REYES','(000)000-0000','049-0073346-2','112397',3,3),(1040,'FELIX  MANUEL','MOSQUEA MARTINEZ','(000)000-0000','402-1036759-1','112398',3,3),(1041,'ROBINSON ETANISLAO','SANCHEZ LEONARDO','(000)000-0000','118-0008404-5','93079',3,3),(1042,'FRANKELY','MOSQUEA MOSQUEA','(000)000-0000','402-2750615-7','93765',3,3),(1043,'WILLY DIONICIO','PICHARDO','(000)000-0000','118-0014253-8','93242',3,3),(1044,'YORDY','VASQUEZ SANTOS','(000)000-0000','049-0091228-8','102555',3,3),(1045,'LUIS NARCISO','MEDINA','(000)000-0000','044-0021974-9','0000',3,3),(1046,'ANDRIS','NUÑEZ CORONADO','(000)000-0000','402-3867300-4','106700',3,3),(1047,'JOSE MIGUEL','CORONADO MANZUETA','(000)000-0000','402-4080814-3','107641',3,3),(1048,'EPIFANIO','ROSARIO AMPARO','(000)000-0000','049-0033023-6','92017',3,3),(1049,'ANGELA MARIA ','ORTEGA JOSE','(000)000-0000','049-0054407-5','00000',5,3),(1050,'JEREMIAS ','GUZMAN','(849)451-5697','068-0053638-2','00000',5,3),(1051,'DILBANIA ','REYNOSO','(000)000-0000','000-0000000-0','112212',4,3),(1052,'LUIS JAVIER ','HERNANDEZ MANZUETA','(000)000-0000','000-0000000-0','112402',3,3),(1053,'MIGUEL ANGEL','LEONARDO LEONARDO','(000)000-0000','000-0000000-0','115324',3,3),(1054,'ALBERTO ','ABREU BELEN','(000)000-0000','000-0000000-0','92944',3,3),(1055,'JESUS','VASQUEZ BAUTISTA','(000)000-0000','000-0000000-0','91996',3,3),(1056,'AURI  LEANDRO','CAMBERO MOLA','(000)000-0000','000-0000000-0','92898',3,3),(1057,'ELBIS YOEL','QUEZADA REINOSO','(000)000-0000','000-0000000-0','92737',3,3),(1058,'ANDY JOSE','ROSARIO BELEN','(000)000-0000','000-0000000-0','92912',3,3),(1059,'JORGE LUIS ','BELEN','(000)000-0000','000-0000000-0','92795',3,3),(1060,'MIGUEL','MOREL ROSA','(000)000-0000','000-0000000-0','103953',3,3),(1061,'JUAN PABLO','REYES VIDAL','(000)000-0000','000-0000000-0','114901',3,3),(1062,'MIGUEL ','MOREL ROSA','(000)000-0000','000-0000000-0','103953',3,3),(1063,'JOSE LUIS','MENDOZA','(000)000-0000','000-0000000-0','115322',3,3),(1064,'JENRRY MANUEL','HOLGUIN','(000)000-0000','000-0000000-0','93426',3,3),(1065,'YSAIAS ','ECOLASTICO ADAMES','(000)000-0000','000-0000000-0','115318',3,3),(1066,'RAMON EDWARDO','VASQUEZ','(000)000-0000','000-0000000-0','115803',3,3),(1067,'JUAN','BAUTISTA','(000)000-0000','118-0005941-9','0000',7,3),(1068,'KELVIN ','VASQUEZ GONZALEZ','(000)000-0000','000-0000000-0','0000',6,3),(1069,'JOSE ','BELEN ','(000)000-0000','049-0056030-7','0000',6,3),(1070,'F.',' LACHAPELLE','(000)000-0000','000-0000000-0','101285',11,3),(1071,'JOSE','PAULINO','(000)000-0000','000-0000000-0','99204',6,3),(1072,'PEDRO ','ROSARIO','(000)000-0000','000-0000000-0','0000',9,3),(1073,'DIONISIO','SEVERINO','(000)000-0000','000-0000000-0','000',5,3),(1074,'ANDRES','GONZALEZ','(000)000-0000','000-0000000-0','101975',5,3),(1075,'ANDREIBY','GARCIA','(000)000-0000','000-0000000-0','99177',2,3),(1076,'RICHARD','GARCIA','(000)000-0000','000-0000000-0','99180',2,3),(1077,'VICTOR','MEJIA','(000)000-0000','000-0000000-0','105479',2,3),(1078,'DOMINGO ','SOLANO','(000)000-0000','000-0000000-0','92423',2,3),(1079,'JEFFRY','SANCHEZ','(000)000-0000','000-0000000-0','103894',2,3),(1081,'WILLIAM','HERNANDEZ','(000)000-0000','000-0000000-0','53164',2,3),(1082,'SAMUEL ','TAVARES','(000)000-0000','000-0000000-0','97578',2,3),(1083,'CESAR','RAMON','(000)000-0000','000-0000000-0','83560',2,3),(1084,'RONI','OLIVO','(000)000-0000','000-0000000-0','97782',2,3),(1085,'ALVIS','ALMONTE JIMENEZ','(000)000-0000','000-0000000-0','111574',2,3),(1086,'PRUEBA','PRUEBA','(000)000-0000','000-0000000-0','0000',1,1),(1087,'RAUL','MORA','(000)000-0000','000-0000000-0','93122',2,3),(1088,'JUAN ','DIEGO','(000)000-0000','000-0000000-0','106540',2,3),(1089,'JOSE ALBERTO','OTAÑEZ','(000)000-0000','000-0000000-0','93956',2,3),(1090,'JUAN CARLOS','BAUTISTA MOLA','(000)000-0000','000-0000000-0','109383',2,3);

/*Table structure for table `facturas` */

DROP TABLE IF EXISTS `facturas`;

CREATE TABLE `facturas` (
  `idfactura` int(11) NOT NULL AUTO_INCREMENT,
  `fecha` date DEFAULT NULL,
  `idusuario` int(11) NOT NULL,
  `idempleado` int(11) NOT NULL,
  `NombrePO` varchar(50) DEFAULT NULL,
  `codigoaprovacion` int(20) DEFAULT '0',
  `observacion` varchar(255) DEFAULT NULL,
  PRIMARY KEY (`idfactura`),
  KEY `idusuario` (`idusuario`),
  KEY `idempleado` (`idempleado`),
  KEY `idPO` (`NombrePO`),
  CONSTRAINT `facturas_ibfk_2` FOREIGN KEY (`idempleado`) REFERENCES `empleados` (`idempleado`)
) ENGINE=InnoDB AUTO_INCREMENT=8 DEFAULT CHARSET=utf8;

/*Data for the table `facturas` */

insert  into `facturas`(`idfactura`,`fecha`,`idusuario`,`idempleado`,`NombrePO`,`codigoaprovacion`,`observacion`) values (7,'2020-08-10',3,450,'NO_TIENE',0,'.');

/*Table structure for table `fecha` */

DROP TABLE IF EXISTS `fecha`;

CREATE TABLE `fecha` (
  `id` int(11) NOT NULL AUTO_INCREMENT,
  `fechainicio` date DEFAULT NULL,
  `fechafinal` date DEFAULT NULL,
  `idfactura` int(11) DEFAULT NULL,
  `codigoautorizacion` int(11) DEFAULT NULL,
  `nombrecategoria` varchar(20) DEFAULT NULL,
  `marca` varchar(30) DEFAULT NULL,
  `idempleado` int(11) DEFAULT NULL,
  `nombrearea` varchar(30) DEFAULT NULL,
  `idarea` int(10) DEFAULT NULL,
  `cargo` varchar(50) DEFAULT NULL,
  PRIMARY KEY (`id`)
) ENGINE=InnoDB AUTO_INCREMENT=2 DEFAULT CHARSET=utf8;

/*Data for the table `fecha` */

insert  into `fecha`(`id`,`fechainicio`,`fechafinal`,`idfactura`,`codigoautorizacion`,`nombrecategoria`,`marca`,`idempleado`,`nombrearea`,`idarea`,`cargo`) values (1,'2020-07-30','2020-07-30',5,88756571,'CAMISA','EJEMPLO',1087,'FALTA',3,'MODERADOR');

/*Table structure for table `po` */

DROP TABLE IF EXISTS `po`;

CREATE TABLE `po` (
  `idPO` int(11) NOT NULL AUTO_INCREMENT,
  `NombrePO` varchar(50) DEFAULT NULL,
  PRIMARY KEY (`idPO`)
) ENGINE=InnoDB AUTO_INCREMENT=4 DEFAULT CHARSET=utf8;

/*Data for the table `po` */

insert  into `po`(`idPO`,`NombrePO`) values (1,'PERSONA ADMINISTRACTIVA'),(3,'FALTA_CAMBIAR');

/*Table structure for table `principal` */

DROP TABLE IF EXISTS `principal`;

CREATE TABLE `principal` (
  `id` int(11) NOT NULL AUTO_INCREMENT,
  `nombreempresa` varchar(100) DEFAULT NULL,
  `direccionempresa` varchar(255) DEFAULT NULL,
  `telefonoempresa` varchar(15) DEFAULT NULL,
  `correo` varchar(50) DEFAULT NULL,
  `correoaprobacion` varchar(50) DEFAULT NULL,
  `rnc` varchar(20) DEFAULT NULL,
  `urlconsulta` varchar(100) DEFAULT NULL,
  `urlsalida` varchar(100) DEFAULT NULL,
  `impresora` varchar(100) DEFAULT NULL,
  PRIMARY KEY (`id`)
) ENGINE=InnoDB AUTO_INCREMENT=2 DEFAULT CHARSET=utf8;

/*Data for the table `principal` */

insert  into `principal`(`id`,`nombreempresa`,`direccionempresa`,`telefonoempresa`,`correo`,`correoaprobacion`,`rnc`,`urlconsulta`,`urlsalida`,`impresora`) values (1,'AGENCIA NAVARRO','C/ Basilio Gavilán, esq. Respaldo Antón, Sector la Yuca, Cotui, Prov. Sánchez Ramírez, R. D.','(809)240-1107','info@agencianavarro.com','hse@agencianavarro.com','','http://192.168.1.200/bprestservices/itemspos.rsvc','http://192.168.1.200/bprestservices/invsalida.rsvc','');

/*Table structure for table `usuarios` */

DROP TABLE IF EXISTS `usuarios`;

CREATE TABLE `usuarios` (
  `idusuario` int(11) NOT NULL AUTO_INCREMENT,
  `nombre` varchar(50) DEFAULT NULL,
  `apellido` varchar(50) DEFAULT NULL,
  `usuario` varchar(30) DEFAULT NULL,
  `clave` varchar(30) DEFAULT NULL,
  `cargo` varchar(30) DEFAULT NULL,
  `correo` varchar(50) DEFAULT NULL,
  PRIMARY KEY (`idusuario`)
) ENGINE=InnoDB AUTO_INCREMENT=6 DEFAULT CHARSET=utf8;

/*Data for the table `usuarios` */

insert  into `usuarios`(`idusuario`,`nombre`,`apellido`,`usuario`,`clave`,`cargo`,`correo`) values (3,'VICTOR ALF','VARGAS','TECNOLOGIA','2525','ADMINISTRADOR','tecnologia@agencianavarro.com'),(5,'BIANKA ','NAVARRO','BIANKA','0229','ADMINISTRADOR','almacen@agencianavarro.com');

/* Function  structure for function  `ROW_VERSION` */

/*!50003 DROP FUNCTION IF EXISTS `ROW_VERSION` */;
DELIMITER $$

/*!50003 CREATE DEFINER=`victor`@`%` FUNCTION `ROW_VERSION`() RETURNS bigint(20) unsigned
    DETERMINISTIC
BEGIN

  REPLACE INTO versioning (ID, dummy) VALUES (NULL, 1);

  RETURN LAST_INSERT_ID();

END */$$
DELIMITER ;

/* Procedure structure for procedure `RegistrarDetalleFactura` */

/*!50003 DROP PROCEDURE IF EXISTS  `RegistrarDetalleFactura` */;

DELIMITER $$

/*!50003 CREATE DEFINER=`root`@`localhost` PROCEDURE `RegistrarDetalleFactura`(
	IN `_idfactura` INT,
	IN `_idempleado` INT,
	IN `_idproducto` INT,
	IN `_nombreepp` VARCHAR(150),
	IN `_cantidad` INT,
	IN `_precio` DECIMAL(10,2),
	IN `_subtotal` DECIMAL(10,2),
	IN `_tiempovida` INT,
	IN `_fechavence` DATE,
	IN `_codigoaprovacion` INT
)
BEGIN





          

 INSERT INTO detallesfacturas

            (idfactura,

            idempleado,

             idproducto,

             nombreepp,

             cantidad,

             precio,

             subtotal,

             tiempovida,

             fechavence,

             codigoaprovacion)

             

VALUES (_idfactura,

      _idempleado,

        _idproducto,

        _nombreepp,

        _cantidad,

        _precio,

        _subtotal,

        _tiempovida,

        _fechavence,

        _codigoaprovacion);     



END */$$
DELIMITER ;

/* Procedure structure for procedure `RegistrarEmpleado` */

/*!50003 DROP PROCEDURE IF EXISTS  `RegistrarEmpleado` */;

DELIMITER $$

/*!50003 CREATE DEFINER=`victor`@`%` PROCEDURE `RegistrarEmpleado`(
	IN `_nombre` VARCHAR(100),
	IN `_apellido` VARCHAR(100),
	IN `_telefono` VARCHAR(15),
	IN `_cedula` VARCHAR(20),
	IN `_oracleid` VARCHAR(10),
	IN `_idarea` int,
	IN `_idPO` int
)
BEGIN

INSERT INTO empleados

            (nombre,

             apellido,

             telefono,

             cedula,

             oracleid,

             idarea,

             idPO)

VALUES (_nombre,

        _apellido,

        _telefono,

        _cedula,

        _oracleid,

        _idarea,

        _idPO);

END */$$
DELIMITER ;

/* Procedure structure for procedure `RegistrarFactura` */

/*!50003 DROP PROCEDURE IF EXISTS  `RegistrarFactura` */;

DELIMITER $$

/*!50003 CREATE DEFINER=`root`@`localhost` PROCEDURE `RegistrarFactura`(
	IN `_idusuario` INT,
	IN `_fecha` DATE,
	IN `_idempleado` INT,
	IN `_NombrePO` VARCHAR(50),
	IN `_codigoaprovacion` INT,
	IN `_observacion` VARCHAR(200)
)
BEGIN



INSERT INTO facturas

            (idusuario,
            fecha,

             idempleado,

             NombrePO,

             codigoaprovacion,

             observacion)

VALUES (_idusuario,
         _fecha,

        _idempleado,

        _NombrePO,

        _codigoaprovacion,

        _observacion);     

        

               

  

        

        

        



END */$$
DELIMITER ;

/*!40101 SET SQL_MODE=@OLD_SQL_MODE */;
/*!40014 SET FOREIGN_KEY_CHECKS=@OLD_FOREIGN_KEY_CHECKS */;
/*!40014 SET UNIQUE_CHECKS=@OLD_UNIQUE_CHECKS */;
/*!40111 SET SQL_NOTES=@OLD_SQL_NOTES */;
